-- MySQL dump 10.13  Distrib 5.7.21, for Linux (x86_64)
--
-- Host: localhost    Database: padaria
-- ------------------------------------------------------
-- Server version	5.7.21-1

/*!40101 SET @OLD_CHARACTER_SET_CLIENT=@@CHARACTER_SET_CLIENT */;
/*!40101 SET @OLD_CHARACTER_SET_RESULTS=@@CHARACTER_SET_RESULTS */;
/*!40101 SET @OLD_COLLATION_CONNECTION=@@COLLATION_CONNECTION */;
/*!40101 SET NAMES utf8 */;
/*!40103 SET @OLD_TIME_ZONE=@@TIME_ZONE */;
/*!40103 SET TIME_ZONE='+00:00' */;
/*!40014 SET @OLD_UNIQUE_CHECKS=@@UNIQUE_CHECKS, UNIQUE_CHECKS=0 */;
/*!40014 SET @OLD_FOREIGN_KEY_CHECKS=@@FOREIGN_KEY_CHECKS, FOREIGN_KEY_CHECKS=0 */;
/*!40101 SET @OLD_SQL_MODE=@@SQL_MODE, SQL_MODE='NO_AUTO_VALUE_ON_ZERO' */;
/*!40111 SET @OLD_SQL_NOTES=@@SQL_NOTES, SQL_NOTES=0 */;

--
-- Table structure for table `cliente`
--

DROP TABLE IF EXISTS `cliente`;
/*!40101 SET @saved_cs_client     = @@character_set_client */;
/*!40101 SET character_set_client = utf8 */;
CREATE TABLE `cliente` (
  `id` int(11) NOT NULL AUTO_INCREMENT,
  `nome` varchar(50) NOT NULL,
  `idade` int(11) DEFAULT NULL,
  `sexo` varchar(10) DEFAULT NULL,
  PRIMARY KEY (`id`)
) ENGINE=InnoDB AUTO_INCREMENT=4 DEFAULT CHARSET=utf8;
/*!40101 SET character_set_client = @saved_cs_client */;

--
-- Dumping data for table `cliente`
--

LOCK TABLES `cliente` WRITE;
/*!40000 ALTER TABLE `cliente` DISABLE KEYS */;
INSERT INTO `cliente` VALUES (1,'Geraldo',18,'Masculino'),(2,'Matheus',20,'Feminino'),(3,'Igor',24,'Feminino');
/*!40000 ALTER TABLE `cliente` ENABLE KEYS */;
UNLOCK TABLES;

--
-- Table structure for table `pedido`
--

DROP TABLE IF EXISTS `pedido`;
/*!40101 SET @saved_cs_client     = @@character_set_client */;
/*!40101 SET character_set_client = utf8 */;
CREATE TABLE `pedido` (
  `id` int(11) NOT NULL AUTO_INCREMENT,
  `cliente_id` int(11) NOT NULL,
  `vendedor_id` int(11) NOT NULL,
  `data` varchar(10) DEFAULT NULL,
  PRIMARY KEY (`id`),
  KEY `pedido_FK_1` (`cliente_id`),
  KEY `pedido_FK_2` (`vendedor_id`),
  CONSTRAINT `pedido_FK_1` FOREIGN KEY (`cliente_id`) REFERENCES `cliente` (`id`),
  CONSTRAINT `pedido_FK_2` FOREIGN KEY (`vendedor_id`) REFERENCES `vendedor` (`id`)
) ENGINE=InnoDB AUTO_INCREMENT=4 DEFAULT CHARSET=utf8;
/*!40101 SET character_set_client = @saved_cs_client */;

--
-- Dumping data for table `pedido`
--

LOCK TABLES `pedido` WRITE;
/*!40000 ALTER TABLE `pedido` DISABLE KEYS */;
INSERT INTO `pedido` VALUES (2,1,2,'2019-11-20'),(3,3,2,'2019-11-21');
/*!40000 ALTER TABLE `pedido` ENABLE KEYS */;
UNLOCK TABLES;

--
-- Table structure for table `pedido_produtos`
--

DROP TABLE IF EXISTS `pedido_produtos`;
/*!40101 SET @saved_cs_client     = @@character_set_client */;
/*!40101 SET character_set_client = utf8 */;
CREATE TABLE `pedido_produtos` (
  `pedido_id` int(11) NOT NULL,
  `produto_id` int(11) NOT NULL,
  `valorUnitario` double NOT NULL,
  `quantidade` int(11) NOT NULL,
  PRIMARY KEY (`pedido_id`,`produto_id`),
  KEY `pedido_cliente_FK_1` (`produto_id`),
  CONSTRAINT `pedido_cliente_FK_1` FOREIGN KEY (`produto_id`) REFERENCES `produto` (`id`),
  CONSTRAINT `pedido_produtos_FK` FOREIGN KEY (`pedido_id`) REFERENCES `pedido` (`id`) ON DELETE CASCADE
) ENGINE=InnoDB DEFAULT CHARSET=utf8;
/*!40101 SET character_set_client = @saved_cs_client */;

--
-- Dumping data for table `pedido_produtos`
--

LOCK TABLES `pedido_produtos` WRITE;
/*!40000 ALTER TABLE `pedido_produtos` DISABLE KEYS */;
INSERT INTO `pedido_produtos` VALUES (2,1,0.4,5),(2,5,1.5,2),(2,6,7.5,1),(2,9,0.2,5),(3,1,0.4,5),(3,3,1.1,2),(3,7,4.99,1);
/*!40000 ALTER TABLE `pedido_produtos` ENABLE KEYS */;
UNLOCK TABLES;

--
-- Table structure for table `produto`
--

DROP TABLE IF EXISTS `produto`;
/*!40101 SET @saved_cs_client     = @@character_set_client */;
/*!40101 SET character_set_client = utf8 */;
CREATE TABLE `produto` (
  `id` int(11) NOT NULL AUTO_INCREMENT,
  `nome` varchar(45) NOT NULL,
  `preco` decimal(18,2) unsigned zerofill NOT NULL,
  `unidade` varchar(3) DEFAULT NULL,
  PRIMARY KEY (`id`),
  UNIQUE KEY `id_UNIQUE` (`id`)
) ENGINE=InnoDB AUTO_INCREMENT=11 DEFAULT CHARSET=utf8;
/*!40101 SET character_set_client = @saved_cs_client */;

--
-- Dumping data for table `produto`
--

LOCK TABLES `produto` WRITE;
/*!40000 ALTER TABLE `produto` DISABLE KEYS */;
INSERT INTO `produto` VALUES (1,'P達o',0000000000000000.40,'und'),(3,'Todinho',0000000000000001.10,'und'),(5,'P達o com Salame',0000000000000001.50,'und'),(6,'Refigerante',0000000000000007.50,'und'),(7,'Queijo',0000000000000004.99,'und'),(9,'P達o',0000000000000000.20,'und'),(10,'P達o com Ovo',0000000000000002.00,'und');
/*!40000 ALTER TABLE `produto` ENABLE KEYS */;
UNLOCK TABLES;

--
-- Table structure for table `vendedor`
--

DROP TABLE IF EXISTS `vendedor`;
/*!40101 SET @saved_cs_client     = @@character_set_client */;
/*!40101 SET character_set_client = utf8 */;
CREATE TABLE `vendedor` (
  `id` int(11) NOT NULL AUTO_INCREMENT,
  `nome` varchar(50) NOT NULL,
  `idade` int(11) DEFAULT NULL,
  `sexo` varchar(10) DEFAULT NULL,
  PRIMARY KEY (`id`)
) ENGINE=InnoDB AUTO_INCREMENT=4 DEFAULT CHARSET=utf8;
/*!40101 SET character_set_client = @saved_cs_client */;

--
-- Dumping data for table `vendedor`
--

LOCK TABLES `vendedor` WRITE;
/*!40000 ALTER TABLE `vendedor` DISABLE KEYS */;
INSERT INTO `vendedor` VALUES (1,'Geraldo',18,'Masculino'),(2,'Matheus',20,'Femilino'),(3,'Igor',24,'feminino');
/*!40000 ALTER TABLE `vendedor` ENABLE KEYS */;
UNLOCK TABLES;

--
-- Dumping routines for database 'padaria'
--
/*!40103 SET TIME_ZONE=@OLD_TIME_ZONE */;

/*!40101 SET SQL_MODE=@OLD_SQL_MODE */;
/*!40014 SET FOREIGN_KEY_CHECKS=@OLD_FOREIGN_KEY_CHECKS */;
/*!40014 SET UNIQUE_CHECKS=@OLD_UNIQUE_CHECKS */;
/*!40101 SET CHARACTER_SET_CLIENT=@OLD_CHARACTER_SET_CLIENT */;
/*!40101 SET CHARACTER_SET_RESULTS=@OLD_CHARACTER_SET_RESULTS */;
/*!40101 SET COLLATION_CONNECTION=@OLD_COLLATION_CONNECTION */;
/*!40111 SET SQL_NOTES=@OLD_SQL_NOTES */;

-- Dump completed on 2019-11-25 18:40:49
